user_id,description
1113769100,bot
973224960,bot
194908659,bot
358101059,bot
17187236,bot
456177793,bot
2319314323,bot
92985467,bot
1375507088,bot
466573221,bot
1587974648,bot
538949379,bot
1499232864,bot
3061034134,bot
527506722,bot
29820945,bot
892792496,bot
102069605,bot
223116969,bot
218697713,bot
547977614,bot
73725383,bot
55432787,bot
2257879993,bot
872978711116746752,bot
2652608395,bot
720183165,bot
4307623643,bot
59329469,bot
581662807,bot
224084191,bot
1243573092,bot
423490913,bot
1701373465,bot
3151691953,bot
1401891498,bot
1130996444,bot
877565375554215936,bot
564631124,bot
1570434660,bot
2869378818,bot
3476878998,bot
575704180,bot
844779426260791296,bot
1068343760,bot
14897840,bot
218488955,bot
44446850,bot
183948528,bot
562540682,bot
321000402,bot
3023174739,bot
373490841,bot
590316679,bot
2222126594,bot
178118507,bot
1017546067544563712,bot
96198639,bot
2155965720,bot
2438311802,bot
30618215,bot
49536214,bot
513112719,bot
19622847,bot
927351564,bot
791202642043269120,bot
1367759732,bot
144666448,bot
251967200,bot
244628228,bot
119166791,bot
610628629,bot
636533974,bot
866373247,bot
233522143,bot
766852874,bot
184827671,bot
1569837337,bot
1058832738,bot
120816414,bot
551507402,bot
310333445,bot
2302620180,bot
349481001,bot
456124980,bot
1474357436,bot
220785771,bot
283824663,bot
545526535,bot
815679446,bot
35293850,bot
716433889,bot
383151753,bot
108456596,bot
622143,bot
14154272,bot
20745274,bot
14591141,bot
837316817324556289,bot
129112241,bot
135300500,bot
35737385,bot
4497835955,bot
18708066,bot
311321484,bot
86896038,bot
235138018,bot
24100116,bot
2458134986,bot
175479697,bot
982704071328092161,bot
368815711,bot
912113748,bot
1490300052,bot
268556198,bot
22606901,bot
583783046,bot
1033028106,bot
2716046101,bot
23536653,bot
47107785,bot
807184478,bot
2368540076,bot
1274894250,bot
14401607,bot
24645354,bot
18239795,bot
169921388,bot
18735040,bot
2296602492,bot
50567305,bot
1541524698,bot
299945621,bot
182069086,bot
42208855,bot
35867792,bot
1623145514,bot
2199226404,bot
95540269,bot
332598424,bot
123309278,bot
2401624056,bot
241192205,bot
41926743,bot
18999809,bot
16313592,bot
16299627,bot
16083576,bot
978991024340131840,bot
20429858,bot
17128975,bot
255504289,bot
193093810,bot
21037096,bot
229191436,bot
92563198,bot
144804999,bot
1863490824,bot
390557283,bot
570200255,bot
2252762184,bot
14706902,bot
22474811,bot
253162254,bot
913028718377005056,bot
2374652118,bot
968714948,bot
3853777899,bot
2920864913,bot
356324165,bot
44908912,bot
55284063,bot
1045212613,bot
601341785,bot
17442457,bot
391639417,bot
21866534,bot
988296171436244992,bot
24180105,bot
252828803,bot
187982680,bot
18741652,bot
15745674,bot
21749564,bot
339659349,bot
19940791,bot
556122117,bot
118509623,bot
224495471,bot
257479711,bot
1956371485,bot
301112153,bot
3147202359,bot
27109378,bot
236628153,bot
545409188,bot
892501717,bot
301655015,bot
389320918,bot
41077970,bot
63805938,bot
20525174,bot
121341903,bot
147370518,bot
13657922,bot
101258547,bot
790017240733278208,bot
271624701,bot
225906700,bot
15912508,bot
436391256,bot
70461418,bot
38833957,bot
415745334,bot
50069007,bot
206287990,bot
262968243,bot
2296782196,bot
180848288,bot
176755299,bot
25963876,bot
139202541,bot
33602577,bot
20332679,bot
124405878,bot
1160306918,bot
592981251,bot
47191725,bot
2927879268,bot
1587497743,bot
19932359,bot
464656204,bot
60817022,bot
994111987,bot
1318284638,bot
21418513,bot
1900081434,bot
47989062,bot
456792557,bot
620977821,bot
1882281708,bot
331726637,bot
20972371,bot
19524742,bot
1710779965,bot
381073791,bot
543013426,bot
2819694403,bot
490444549,bot
116769784,bot
16473793,bot
227799456,bot
2285840166,bot
148326667,bot
2420683685,bot
2977039535,bot
1618254163,bot
205562604,bot
768727279673499648,bot
399730544,bot
1016773517587537920,bot
234407271,bot
2804332173,bot
252638449,bot
2670321,bot
34895713,bot
366075666,bot
321980982,bot
401439271,bot
26239116,bot
158906112,bot
2886648994,bot
779218123,bot
27151820,bot
464163488,bot
579380239,bot
1371634332,bot
16667447,bot
791250175,bot
2327288461,bot
52544027,bot
17884125,bot
31016461,bot
39306847,bot
259613476,bot
403424204,bot
101151129,bot
127973382,bot
27693717,bot
3249308366,bot
2206110948,bot
1278808938,bot
558652897,bot
69675579,bot
863262342,bot
4223529927,bot
847113145,bot
834228127,bot
169696352,bot
17838453,bot
1604654779,bot
162929585,bot
2824210848,bot
2278667285,bot
907152121,bot
619465123,bot
20731304,bot
413482537,bot
148360487,bot
569704121,bot
21271500,bot
767184145,bot
106098830,bot
174369819,bot
793998876,bot
2235027028,bot
483579235,bot
307233876,bot
465521654,bot
811563716,bot
1238305681,bot
2206495150,bot
1694047861,bot
2938477910,bot
278561826,bot
2363967920,bot
332710234,bot
3306286357,bot
14223809,bot
75827044,bot
409932674,bot
32451329,bot
437622456,bot
1336196760,bot
386707036,bot
37372338,bot
327794846,bot
227296786,bot
240889813,bot
826754628,bot
189560687,bot
4110375555,bot
112690339,bot
115637932,bot
423668324,bot
943073006,bot
55176518,bot
1181493252,bot
2855732920,bot
800833795234611200,bot
245823708,bot
59055175,bot
2934423981,bot
771262339765055488,bot
2607096499,bot
73420075,bot
40589808,bot
2780202108,bot
398836690,bot
36759246,bot
1033984048056729600,bot
130668812,bot
1019791885,bot
18806575,bot
56246250,bot
27737579,bot
14392252,bot
226061405,bot
47070156,bot
16557431,bot
129633845,bot
103652362,bot
2800469755,bot
1342207069,bot
1678548306,bot
62159419,bot
367926511,bot
2532821389,bot
722489951179403265,bot
564474061,bot
713317677,bot
244714785,bot
544333505,bot
30323859,bot
76593802,bot
600499984,bot
15032862,bot
40212757,bot
266956478,bot
71208005,bot
488970833,bot
21273590,bot
2374357068,bot
203145074,bot
14105540,bot
486624314,bot
34239016,bot
57339160,bot
2811559122,bot
34927577,bot
461804603,bot
2363231167,bot
41246008,bot
47923477,bot
25552667,bot
6776102,bot
9983602,bot
9609372,bot
1388988012,bot
16542230,bot
1484162798,bot
20812193,bot
911951797622902784,bot
1002309236,bot
2655791,bot
100766356,bot
953692489,bot
2835312057,bot
35359596,bot
189231119,bot
21658412,bot
380944344,bot
36204399,bot
243173367,bot
103618826,bot
34238668,bot
415781653,bot
31744917,bot
14448642,bot
79194034,bot
178866422,bot
118667208,bot
313481830,bot
60851517,bot
1564498860,bot
218570536,bot
190608775,bot
14607140,bot
16308920,bot
280986369,bot
2150223160,bot
920610398,bot
567373425,bot
710772673,bot
247062249,bot
14276189,bot
123750057,bot
2669946973,bot
706253784,bot
737927700,bot
111809956,bot
776489862,bot
47302521,bot
705846704,bot
986775452,bot
44683523,bot
1288442766,bot
36984408,bot
303238869,bot
93155616,bot
735613874,bot
865209535,bot
44668684,bot
1424567636,bot
2185879122,bot
2318100289,bot
4062837748,bot
131472597,bot
3900596183,bot
49337907,bot
105719173,bot
15792031,bot
703515914524872705,bot
603385285,bot
2908308039,bot
1416121214,bot
821215184660393986,bot
172425532,bot
71515969,bot
39941540,bot
921426764,bot
13862172,bot
308287890,bot
2549172114,bot
59985934,bot
3300861167,bot
40364991,bot
2876076186,bot
627253333,bot
61710647,bot
11436952,bot
200570353,bot
19916572,bot
1004764640486854656,bot
2752601,bot
18871948,bot
25417360,bot
80921539,bot
45406850,bot
1408706821,bot
18678924,bot
148711787,bot
23573083,bot
742143,bot
6017542,bot
759251,bot
33884545,bot
1367531,bot
2367911,bot
19923144,bot
19426551,bot
17471979,bot
18219976,bot
1652541,bot
30973,bot
14293310,bot
5988062,bot
218437274,bot
95023423,bot
16193578,bot
3108351,bot
24742040,bot
69183155,bot
2883841,bot
2557521,bot
807095,bot
352132252,bot
1661404440,bot
2928556470,bot
2901953015,bot
168789642,bot
3193080636,bot
2491508162,bot
490645569,bot
300415996,bot
709807650,bot
976973737,bot
93547054,bot
2385417602,bot
4808016715,bot
1433472060,bot
449470627,bot
1421859620,bot
1293787292,bot
1334673584,bot
1524730152,bot
875984489138200577,bot
2359556900,bot
2172327199,bot
1567185626,bot
68075842,bot
3196067821,bot
972532340,bot
170568448,bot
139954867,bot
225313169,bot
185218294,bot
245010194,bot
2861336274,bot
3210208413,bot
288773752,bot
3166813130,bot
419353120,bot
2477327017,bot
2198788956,bot
3365682132,bot
263300013,bot
1482179886,bot
3281348820,bot
122965433,bot
4847874809,bot
211001312,bot
3018024769,bot
6781802,bot
37260832,bot
179201716,bot
1453275032,bot
3383003321,bot
2309880170,bot
121657291,bot
1196559378,bot
1829011585,bot
377341555,bot
423926299,bot
205990455,bot
2795208109,bot
1036461709,bot
735385566,bot
71020190,bot
1424000143,bot
625458452,bot
4113621027,bot
745142076,bot
85989198,bot
151041505,bot
254603350,bot
3082647453,bot
2327994013,bot
250121556,bot
2221432382,bot
55747577,bot
28403745,bot
705187969,bot
1081628124,bot
2943566101,bot
2165381052,bot
105821431,bot
2806226290,bot
4459687272,bot
1618730976,bot
3098765088,bot
176769813,bot
276197452,bot
1607223709,bot
3019223383,bot
2955302197,bot
400750779,bot
1070518597,bot
2303471682,bot
1494549962,bot
385181678,bot
608171108,bot
591555224,bot
251724140,bot
2932938109,bot
728249330,bot
87307603,bot
3989896755,bot
3990931,bot
555203372,bot
1201545410,bot
3586579334,bot
16257347,bot
3384167860,bot
2279725112,bot
106763540,bot
1098366914,bot
3137992297,bot
2334005046,bot
223617437,bot
36165609,bot
587364967,bot
98421600,bot
341375420,bot
2160498763,bot
16242863,bot
2832528206,bot
347607131,bot
2416820011,bot
225206811,bot
341863906,bot
762496814,bot
1638058898,bot
78542537,bot
1586237918,bot
421077323,bot
382258177,bot
306701131,bot
161126952,bot
313981047,bot
44310851,bot
391628219,bot
701815436,bot
228285665,bot
63320347,bot
768314389,bot
1081279532,bot
115885449,bot
3185320003,bot
870188413,bot
2857705649,bot
114157893,bot
71382295,bot
2394340476,bot
131388296,bot
2351661019,bot
238520466,bot
2444516970,bot
184824665,bot
38537315,bot
2274848604,bot
1030869656666599424,bot
729462247647551488,bot
2209583375,bot
30129478,bot
322526117,bot
1979190776,bot
211557827,bot
348332150,bot
2399173802,bot
2164494214,bot
2340008558,bot
4080133834,bot
223450467,bot
3021259014,bot
495103914,bot
713337475,bot
382374582,bot
1518220519,bot
362909565,bot
2379160873,bot
2530946646,bot
127002708,bot
28054874,bot
1171100534,bot
2268691220,bot
115873334,bot
43310150,bot
2568313562,bot
200077738,bot
1853693322,bot
2899662597,bot
3348071480,bot
5460412,bot
2378134129,bot
3322078934,bot
3627483613,bot
1901949198,bot
508783596,bot
2363987964,bot
42858599,bot
2445321452,bot
747958680386179072,bot
534745299,bot
2544128546,bot
306806485,bot
1951556792,bot
132433435,bot
89934622,bot
1592851670,bot
366417743,bot
120143525,bot
219992032,bot
250920294,bot
129082472,bot
1355305712,bot
2925665354,bot
2875360759,bot
3150644462,bot
40398210,bot
2792831540,bot
4556775395,bot
4842711789,bot
1405381086,bot
4185111,bot
105718796,bot
4477044201,bot
1337464171,bot
708378902557822976,bot
6690852,bot
784761385,bot
2218438975,bot
893613222,bot
1650904332,bot
3086994153,bot
620999064,bot
2423067464,bot
153057640,bot
153323842,bot
3031717200,bot
1606033945,bot
965314974548709376,bot
183346337,bot
423373395,bot
558215877,bot
239625459,bot
2900587879,bot
504731972,bot
2177173596,bot
2971930268,bot
2900157139,bot
4880154665,bot
322758021,bot
1032457044,bot
147146101,bot
316465945,bot
3241838887,bot
150996744,bot
3801362175,bot
45861757,bot
1307913973,bot
2898882306,bot
2318968129,bot
144082130,bot
2954147280,bot
3073042992,bot
925537664,bot
89414175,bot
1401272485,bot
1959425161,bot
3430977532,bot
4849801408,bot
2981911481,bot
3920279115,bot
71478395,bot
2817057361,bot
260673756,bot
105711392,bot
564109899,bot
1636329254,bot
3016924923,bot
2916404666,bot
437512036,bot
2481764343,bot
174214130,bot
2298803394,bot
924967777,bot
2697652640,bot
2338730188,bot
1588836115,bot
4714956096,bot
3081645028,bot
2338346534,bot
2534800813,bot
1294912754,bot
213240534,bot
106139099,bot
916641536,bot
587526194,bot
87115541,bot
2492023416,bot
1342608199,bot
2773297820,bot
471838819,bot
2405972748,bot
452029319,bot
224290010,bot
1245496057,bot
2185105262,bot
420670398,bot
852870162,bot
3164718758,bot
327422553,bot
4411292416,bot
950391445,bot
2797913802,bot
235092653,bot
112948196,bot
623422330,bot
2333462725,bot
121284072,bot
2237649551,bot
632822483,bot
232492324,bot
545867562,bot
1092087096,bot
471746550,bot
181549694,bot
457590482,bot
275692203,bot
587381681,bot
3244178876,bot
194490327,bot
281953031,bot
1548750122,bot
475616820,bot
1062317300,bot
504650518,bot
392064313,bot
2431613352,bot
509903343,bot
272140744,bot
2408474918,bot
39255637,bot
3405310937,bot
3333338062,bot
2934134629,bot
284566764,bot
65845089,bot
280092340,bot
2295337212,bot
105786154,bot
710123736175783938,bot
727019388,bot
2943615224,bot
1723491799,bot
200430028,bot
312960864,bot
791449,bot
53824372,bot
75188460,bot
194909366,bot
2311267801,bot
105783456,bot
2251584776,bot
34946543,bot
257467708,bot
36848025,bot
1148137872,bot
2385700009,bot
135069164,bot
2835630150,bot
2740307758,bot
134138478,bot
109778478,bot
866648466,bot
2358642654,bot
5611312,bot
336157900,bot
287139302,bot
1914626330,bot
1450486789,bot
448529505,bot
131570753,bot
196467013,bot
1055490276,bot
322951176,bot
31090827,bot
39321874,bot
772550671124074496,bot
63375729,bot
1422126799,bot
355784391,bot
2455407434,bot
18424289,bot
15790423,bot
100731315,bot
553785251,bot
278519480,bot
321125740,bot
234504612,bot
242618658,bot
146540920,bot
85537477,bot
101772207,bot
152114423,bot
3306242996,bot
74604641,bot
19678937,bot
701615052,bot
118784585,bot
128852631,bot
14569869,bot
2193607094,bot
78687173,bot
18238260,bot
183398746,bot
453510918,bot
55947313,bot
1100927498,bot
14669951,bot
13018112,bot
92174767,bot
99943864,bot
15317676,bot
13213122,bot
112523709,bot
23043294,bot
4822267210,bot
105082141,bot
18091004,bot
51124892,bot
256747696,bot
53146923,bot
223304073,bot
34570323,bot
81048495,bot
78039816,bot
123681659,bot
228887368,bot
409863961,bot
255425706,bot
109651819,bot
109237155,bot
425528043,bot
872185597,bot
240734425,bot
106445504,bot
36100710,bot
17193794,bot
22708797,bot
23864985,bot
1347595525,bot
92242282,bot
1081186308834377728,bot
2309234977,bot
113816349,bot
384331504,bot
172729719,bot
351999221,bot
294150384,bot
2406546896,bot
375481345,bot
124450567,bot
83804335,bot
132330417,bot
624995677,bot
413841846,bot
55307193,bot
1005564252948582401,bot
23042027,bot
18676369,bot
16981026,bot
15640646,bot
14119371,bot
115141256,bot
171337448,bot
71225650,bot
429385529,bot
36958020,bot
19564719,bot
13353862,bot
135236273,bot
108196938,bot
44554692,bot
97979210,bot
43910684,bot
161452925,bot
49727721,bot
74409069,bot
2260150651,bot
130681675,bot
19106719,bot
1448217636,bot
508662899,bot
255493944,bot
20710218,bot
2836421,bot
23457682,bot
54280694,bot
41360559,bot
364959699,bot
244230312,bot
457944154,bot
22411342,bot
68795677,bot
93311525,bot
16929349,bot
1769551,bot
18244358,bot
50916567,bot
15862891,bot
33512799,bot
517680491,bot
16348549,bot
380570951,bot
496883368,bot
605805760,bot
16814960,bot
119573510,bot
1395837230,bot
1891171214,bot
19923515,bot
2768501,bot
454324273,bot
2288138575,bot
143531181,bot
422398976,bot
261944586,bot
36884066,bot
85270883,bot
37019708,bot
717313,bot
42816371,bot
166092949,bot
790680,bot
18161336,bot
63070483,bot
233205224,bot
511548205,bot
847029307310587904,bot
1058130850578137089,bot
18938394,bot
124266832,bot
70394965,bot
12513472,bot
181099378,bot
17710740,bot
31444922,bot
186101324,bot
46476526,bot
931174645,bot
177194756,bot
64419705,bot
14333756,bot
12815132,bot
410203574,bot
619399679,bot
66385167,bot
224176099,bot
17028456,bot
94429039,bot
815002578,bot
15040988,bot
17454769,bot
38623068,bot
170965705,bot
38427754,bot
109531911,bot
1584766429,bot
234513598,bot
141161453,bot
19129949,bot
39985029,bot
18862596,bot
246912277,bot
212266188,bot
18750157,bot
92686016,bot
16186995,bot
58908838,bot
178045174,bot
20985527,bot
2465436362,bot
21313364,bot
614754689,bot
42170630,bot
2785480981,bot
52558480,bot
15371662,bot
73459349,bot
75279848,bot
491090439,bot
807219840125726721,bot
35287180,bot
1624329463,bot
5649672,bot
24693705,bot
118288671,bot
17469289,bot
1775731,bot
440784095,bot
297174372,bot
112431151,bot
14614833,bot
16736535,bot
1135877646,human
2310724598,human
2442918091,human
3258575329,human
2852407598,human
198013804,human
151595281,human
1644129194,human
205561923,human
548768095,human
3550084640,human
993363480,human
597878828,human
1036593800561520640,human
3019691246,human
203420499,human
18469490,human
797009297876123652,human
338163791,human
2685951655,human
1566174187,human
726969781,human
15593696,human
884092539418152960,human
337741447,human
346146611,human
520250204,human
374294966,human
83291674,human
80628196,human
95064543,human
227942485,human
175524309,human
1053508374367739904,human
467646256,human
3011737321,human
2282284649,human
419328316,human
81018959,human
91240835,human
378325163,human
465085290,human
1062384240376057856,human
359245295,human
3097948927,human
938469204021469184,human
119456978,human
369597274,human
1634516120,human
1039491917145432064,human
181376957,human
572195697,human
29844579,human
125448744,human
1896807990,human
208651278,human
859000027011624960,human
14114267,human
81225298,human
2214647953,human
562445678,human
387844724,human
737081035,human
48962805,human
1490985685,human
114860704,human
453825972,human
553429991,human
456605888,human
378743736,human
588630461,human
88950376,human
362284562,human
86271665,human
51029993,human
120538744,human
61314535,human
194975681,human
123546050,human
165761267,human
3181259656,human
148466830,human
900045860,human
3308360891,human
310434477,human
1156489574,human
879730098970267648,human
2430914192,human
51623469,human
148759599,human
19509884,human
148753334,human
2173033080,human
100629223,human
251686253,human
14941525,human
490406701,human
757821654571425792,human
18512945,human
1649356580,human
226266379,human
96738962,human
750482565056765952,human
36439939,human
2463115566,human
136469272,human
16221481,human
156040579,human
624858417,human
55195136,human
401775393,human
883096392297828352,human
728638035986886656,human
1917384774,human
1976799638,human
80878133,human
23442551,human
2742932709,human
2401374210,human
544655767,human
291922856,human
34253207,human
71023251,human
427288938,human
344726222,human
771058757434572800,human
231354142,human
221765424,human
2594535174,human
2472738966,human
17229503,human
878447185,human
2166806700,human
381107116,human
388843527,human
526677862,human
611582397,human
613512037,human
2226473150,human
1112088823,human
19816812,human
451623060,human
43298395,human
701250750,human
105547201,human
212302245,human
479914394,human
23977873,human
14282169,human
46318078,human
1653727326,human
2438012100,human
15308156,human
95755947,human
4885546127,human
1048747987,human
717268808,human
70683270,human
1614247400,human
25132897,human
1333443091,human
814121478,human
129712915,human
1002706964,human
214891135,human
54311364,human
18426970,human
252875977,human
142980929,human
757309819233701888,human
14790085,human
158426128,human
130823503,human
1329116436,human
2490828194,human
213570812,human
1278377149,human
1387188162,human
496584998,human
274251944,human
45698212,human
106082551,human
709876468617244673,human
33619791,human
76041806,human
1596661453,human
251277482,human
44088315,human
290181133,human
310672436,human
26327095,human
141300574,human
963418992,human
784747158922821632,human
18944209,human
18179554,human
628092930,human
120808237,human
948335156,human
15450695,human
2962117111,human
634627602,human
2654439500,human
130314799,human
158515999,human
2674885669,human
28076891,human
21824310,human
27834261,human
822903103070601216,human
724463826,human
55420922,human
555862555,human
97104042,human
86864472,human
40940905,human
1079455709320892416,human
14521427,human
1378044421,human
2416088899,human
275447294,human
101011196,human
3313360990,human
115461582,human
67145296,human
2895024571,human
410177149,human
49375859,human
160159077,human
51674513,human
591612748,human
234633153,human
103981160,human
182173149,human
44412106,human
18657572,human
39330733,human
26687751,human
921999224,human
846439395016232960,human
154633280,human
124765669,human
147966474,human
137116526,human
39922594,human
65477786,human
133413860,human
259798883,human
327020861,human
947217853,human
24581048,human
19796721,human
482622453,human
27014121,human
156845052,human
410089108,human
96497966,human
60112031,human
550336226,human
51447989,human
150242555,human
913792196779708416,human
128181887,human
2303406624,human
153810216,human
929813089125588998,human
17833574,human
771103752,human
118371948,human
14671170,human
150746683,human
323972181,human
15843059,human
15860542,human
946973994,human
2612809808,human
580089228,human
918372090,human
616400256,human
22956220,human
40340946,human
267185120,human
212319985,human
400334965,human
714111026,human
522220085,human
1335999216,human
20312664,human
3632660955,human
920708302987722753,human
718927286,human
44603356,human
1678786722,human
982400697651093504,human
497370467,human
436821727,human
957638029639913473,human
70352000,human
107778741,human
226040501,human
5940642,human
716788525866332161,human
1198278313,human
27178513,human
82171278,human
117202778,human
32856634,human
279185985,human
547698997,human
1063700869,human
103053196,human
32937527,human
168625831,human
2383682650,human
419731813,human
551984787,human
40898254,human
120150508,human
19990540,human
2175112274,human
393032536,human
18775482,human
2370095387,human
1117002967,human
606522136,human
460279825,human
20117790,human
34676280,human
3019325733,human
45285656,human
897287364355080193,human
3149062356,human
822377750497345536,human
2255839644,human
199719062,human
2557928030,human
326984697,human
4068159017,human
535837673,human
605460099,human
408911226,human
2610663146,human
560646552,human
109986797,human
606585417,human
2844734828,human
838509693429559299,human
747585390,human
1296935270,human
1038380123710545920,human
896533819,human
804835993,human
356832159,human
14287474,human
953231816810315777,human
77225484,human
2424210731,human
222789645,human
224168353,human
809510692181180417,human
14848513,human
2846040640,human
3222118555,human
206952230,human
780050,human
2469836959,human
958092908,human
109396186,human
14434613,human
385718466,human
927340061997314049,human
527612811,human
553094706,human
708014748,human
152551783,human
192730275,human
47281118,human
2972605423,human
233488091,human
1640879869,human
846127325699870720,human
332250142,human
49348697,human
52876623,human
151173085,human
767396,human
554629512,human
154670681,human
998977009056444416,human
146808904,human
46282259,human
20270332,human
18812728,human
126771735,human
43154983,human
64526820,human
467712489,human
16330902,human
2566083968,human
2186755171,human
1445374915,human
1721742157,human
3116779908,human
133693041,human
515256733,human
110403465,human
562696581,human
112447717,human
955522961506750464,human
106081433,human
249575732,human
93152605,human
299291756,human
161482772,human
52552927,human
34843478,human
104609993,human
18538525,human
629193910,human
459167208,human
401827209,human
54476445,human
238149950,human
17896311,human
146962935,human
242265477,human
1139325710,human
231709584,human
21793251,human
523380374,human
9269372,human
1015657742,human
1607241085,human
113622749,human
16231175,human
1851545900,human
2290164373,human
25415355,human
26516576,human
971178848640520193,human
728072065245319169,human
373495222,human
2492489580,human
328045907,human
26902613,human
1856350404,human
1911750552,human
480249240,human
1623755515,human
1914493741,human
804028724987494402,human
743063090183340032,human
435372214,human
48749099,human
220195443,human
55594587,human
1054684530592878592,human
17679977,human
975139939,human
400918725,human
2683430642,human
476362131,human
25659699,human
119572532,human
276360590,human
116313517,human
68593717,human
217017451,human
188924568,human
21185126,human
38577243,human
90635543,human
1195263056,human
21158274,human
73821095,human
2785323572,human
177941755,human
17466140,human
62876558,human
140446791,human
2612293840,human
90997089,human
223831644,human
739293,human
93365814,human
1056986636674850816,human
123470069,human
21212604,human
2397349010,human
91796121,human
557032788,human
106929904,human
100556581,human
111439649,human
55659987,human
14418045,human
233217936,human
1944025602,human
2762253256,human
15432891,human
1058919647213432832,human
201718078,human
600613650,human
130242231,human
82139514,human
236158107,human
43229821,human
77920426,human
16967612,human
342880502,human
18938807,human
20546522,human
46578464,human
14908304,human
468655121,human
261555366,human
14184942,human
2266976480,human
2355004184,human
22503279,human
83701293,human
66926876,human
15245376,human
189928814,human
80396134,human
17343387,human
39215566,human
2632291,human
460982634,human
81577367,human
21786831,human
17846734,human
85233317,human
837414074132606978,human
788792041,human
3299203382,human
15257790,human
3950165657,human
15075999,human
46092587,human
794376310978060288,human
42741058,human
127549772,human
1129947853,human
446974963,human
1288352436,human
83805213,human
294573801,human
277845835,human
194321816,human
421955743,human
20942423,human
6825792,human
15096075,human
2478183882,human
1619779116,human
2722092348,human
472966889,human
150124379,human
1574012922,human
624517612,human
725761109559529472,human
885003066,human
20391646,human
268506350,human
13881902,human
144972794,human
80635411,human
26483183,human
14346303,human
160131637,human
543186638,human
2322937225,human
17866745,human
1189900322,human
20499770,human
337399038,human
90420314,human
184910040,human
34507480,human
813286,human
50393960,human
155659213,human
85603854,human
23151437,human
25365536,human
23083404,human
268414482,human
19397785,human
28706024,human
15846407,human
16409683,human
21111883,human
15485441,human
26565946,human
27260086,human
21447363,human
14230524,human
79293791,human
23375688,human
44409004,human
17919972,human
2369563376,human
4096069693,human
712443214112935936,human
2184009647,human
219056769,human
1521770148,human
815647194,human
2257456093,human
358233640,human
904994826,human
181510940,human
598813483,human
399830372,human
2720186326,human
3367811173,human
1388299412,human
2959147470,human
71073851,human
2922179132,human
1420308074,human
1655904638,human
4155011358,human
134547013,human
501337024,human
3273557347,human
773465515,human
1271646481,human
123572520,human
1417928000,human
728040086848319489,human
2173727640,human
2340955790,human
3800348718,human
3002673243,human
26175726,human
292907073,human
92074188,human
1633538550,human
403627397,human
729101640,human
4855688674,human
1129425277,human
2200196678,human
2897877407,human
893663299,human
115546295,human
2968601413,human
580525442,human
2241611899,human
848662740,human
937104758,human
537524220,human
463832265,human
3202726835,human
1668972426,human
1018413906,human
304520848,human
19468466,human
80811447,human
303177646,human
3299257600,human
304768145,human
2785960469,human
1589902021,human
235667666,human
870508495,human
420219280,human
113125130,human
451835819,human
180577895,human
2244999191,human
2452137170,human
105305231,human
797755586,human
1056580334,human
544696041,human
295230196,human
422028358,human
101379497,human
34323417,human
2928691509,human
876320406,human
351331309,human
3262143763,human
996460902,human
322253183,human
405113207,human
26896439,human
410805170,human
336828884,human
731587116,human
1048755264,human
1195257565,human
250169004,human
3820376903,human
2159697150,human
375135445,human
621681015,human
2590358492,human
1069776961,human
2589923834,human
243853541,human
144147895,human
343513597,human
2150773897,human
422041940,human
481594107,human
268095618,human
115202789,human
341946933,human
214705156,human
331989774,human
364591869,human
424774065,human
422914242,human
126743385,human
498459411,human
1576583414,human
334417864,human
532885733,human
3251125050,human
235793053,human
336656753,human
608080265,human
505615979,human
1252587218,human
3791723174,human
2727195089,human
716110115506622464,human
2744574160,human
4082696954,human
1151660538,human
1496739522,human
604842260,human
550610050,human
2439526297,human
724659744,human
2320102094,human
406482215,human
593689918,human
248226004,human
1252317360,human
514928121,human
3236431915,human
464353156,human
2361460850,human
2904024759,human
387435166,human
395725333,human
221839043,human
42256402,human
2258714606,human
540777353,human
254650064,human
820943966,human
386934416,human
1262399822,human
2953272923,human
1723234506,human
295413356,human
264555876,human
283087496,human
2588183482,human
1651619426,human
3021896853,human
1255771100,human
2249271564,human
948676610,human
336004914,human
2265168248,human
2957817826,human
91508386,human
2741137937,human
447346922,human
334102709,human
32221027,human
1275451704,human
1135688252,human
3323335206,human
921164568,human
154957091,human
544302445,human
1029820639,human
837075979,human
2203975074,human
2474552602,human
482483706,human
255827290,human
2249273336,human
1491180668,human
1038703693,human
443263099,human
351017477,human
998242564422750209,human
134332085,human
353325749,human
1583766667,human
162780281,human
1764639194,human
1012481676524576770,human
1869341275,human
1289603089,human
22393012,human
424446461,human
624818975,human
1961336024,human
955529995,human
1047707161571328000,human
495319948,human
97713882,human
1253172344,human
228186337,human
152486068,human
369625532,human
2359365300,human
138643174,human
826093333,human
3590765440,human
3352286357,human
95531927,human
355303278,human
288948026,human
2183080705,human
859364185,human
2423734735,human
68638255,human
191695567,human
1962402919,human
303384170,human
1708812864,human
2425816217,human
1213081351,human
217437781,human
2934009661,human
47867122,human
2976581543,human
272230000,human
749491351,human
2550897515,human
2790236045,human
194218703,human
527650146,human
242943844,human
79103654,human
1051021585,human
2199641576,human
413403853,human
33251123,human
618310703,human
252196811,human
2345889714,human
226341562,human
388502138,human
321420083,human
102200239,human
2899383706,human
84938723,human
770038768220966914,human
501918282,human
2200899777,human
628982536,human
250191109,human
1276730142,human
2857834365,human
1031752122,human
312751823,human
1383873656,human
2590473956,human
872473224,human
461918556,human
1373388738,human
2439220064,human
1433367608,human
90800950,human
100170006,human
14215938,human
523495375,human
499219350,human
156016720,human
380663119,human
418447705,human
541170773,human
932918070,human
2371478724,human
471378714,human
542270778,human
149714640,human
2498702638,human
1375647900,human
365728243,human
628971327,human
239018807,human
229674020,human
1589907487,human
2894661271,human
2267737617,human
296838123,human
577655361,human
2617776990,human
80424488,human
2828122811,human
152687658,human
2167754641,human
723414284,human
995937630,human
881269350,human
1925530586,human
239124380,human
495433160,human
2960573252,human
277106086,human
434268450,human
2441043272,human
322756294,human
732838734140444676,human
503244216,human
541261629,human
359767085,human
1561973462,human
853171243,human
2569615681,human
942925416850907138,human
2460524737,human
3319800715,human
481055005,human
1445019458,human
1461303931,human
454119569,human
2346985328,human
237619353,human
2400389972,human
11819862,human
579935321,human
131279295,human
2287569091,human
285298203,human
412545313,human
994825296309301254,human
141014050,human
2259804247,human
1676542927,human
261066475,human
206426946,human
711613560,human
1281280700,human
506437283,human
222860091,human
980252856,human
2616511854,human
2267288083,human
463203444,human
2824444743,human
315895692,human
3189798943,human
254535789,human
2868926868,human
368955430,human
2334273458,human
14183021,human
2438954290,human
840511075,human
2369678500,human
3262743192,human
713184088719540224,human
2745922366,human
233968474,human
58826629,human
3686512757,human
1219758966,human
88779721,human
1067293951,human
17889250,human
1344893804,human
61714263,human
3949481069,human
135938060,human
2186735394,human
378233374,human
534026385,human
1166107502,human
1038692990,human
786509563927277568,human
429950914,human
365814947,human
706346715,human
75711719,human
3289240398,human
198963019,human
144000388,human
348093624,human
2250901513,human
820278777838260225,human
1854305474,human
18440438,human
1004073678,human
105970552,human
147233107,human
79566240,human
389416968,human
2961704150,human
377669856,human
534243387,human
2977331858,human
2443677496,human
69451632,human
536997660,human
226646643,human
2601709129,human
3317108412,human
1422608701,human
383587781,human
749404470421786625,human
2724427200,human
994311271,human
1963278991,human
232824777,human
3075931313,human
851960109211242496,human
377662109,human
1131598854,human
2990728971,human
2902617422,human
183734266,human
228509845,human
223534835,human
2569286801,human
2216593188,human
63604508,human
424720725,human
2480448678,human
43768063,human
449124636,human
105043121,human
1018240472,human
415185577,human
87390266,human
885179286,human
1589451132,human
471625076,human
528507656,human
332321195,human
247977754,human
1040690426,human
1579099513,human
822815182393065476,human
186811328,human
2885206563,human
28019068,human
2806238839,human
238364017,human
3221217870,human
168731366,human
225987587,human
238291167,human
1368178176,human
44440275,human
3246552765,human
2234121841,human
342299986,human
14548505,human
2379421646,human
1548662102,human
418187913,human
2924946324,human
845360182607589376,human
3053048142,human
115963433,human
340470628,human
300203017,human
1554010706,human
968042723726036992,human
247991049,human
4925593090,human
958880016,human
2163553326,human
1226530075,human
167118683,human
579307831,human
235741728,human
3174505203,human
1571133319,human
2586195402,human
952168021,human
2225699838,human
378721847,human
1473354078,human
310441654,human
67647998,human
3435630622,human
111695736,human
2826913680,human
2224260354,human
51529219,human
136024120,human
373706247,human
46982118,human
547838230,human
2727609826,human
554234854,human
435355815,human
222165923,human
2730263771,human
498378398,human
2260304978,human
1471207375,human
2912331852,human
387044761,human
2754429326,human
71319853,human
140225642,human
363900537,human
115607690,human
73650794,human
32626186,human
92525602,human
471703396,human
2425706237,human
3888664280,human
2550088538,human
1338097464,human
762126629866971136,human
526926393,human
95883322,human
2723570611,human
3587775920,human
385117198,human
621100382,human
2768922304,human
3304160639,human
159084041,human
2161115061,human
123620874,human
2287140961,human
131594211,human
815841475,human
1427819088,human
90241355,human
551538594,human
128329717,human
76943986,human
16794201,human
2458685627,human
2537960194,human
114023501,human
1335682831,human
810969172888944640,human
2337057608,human
3066702889,human
268751716,human
705936076565815297,human
991384984995991553,human
2408270840,human
1709847242,human
728130502733930496,human
1249904934,human
146536075,human
126578536,human
792375354,human
356454660,human
1006169108,human
2787157306,human
188615551,human
70726185,human
2953383298,human
2994592193,human
109755394,human
27948995,human
1471405406,human
1592747288,human
8963312,human
105554581,human
462007707,human
2459378088,human
33615604,human
19478383,human
1332109614,human
391826877,human
1160675580,human
876064009874747392,human
83166727,human
288452305,human
80413939,human
251112856,human
18776017,human
558572709,human
1076119924546985985,human
141711645,human
897377572669009920,human
223272482,human
25688061,human
26289923,human
231112057,human
1652526218,human
53106875,human
240629853,human
77237454,human
26525324,human
116588052,human
232447988,human
97537762,human
18197498,human
43563720,human
21771224,human
20833944,human
3141032242,human
106903512,human
294198566,human
235533717,human
47132215,human
566680694,human
111275676,human
757303975,human
47964412,human
266887195,human
36240413,human
53975347,human
918346674,human
75821706,human
16585310,human
763419470,human
20566864,human
29949435,human
42836285,human
94466609,human
267425142,human
343791862,human
47650483,human
103772491,human
23588838,human
147032692,human
34068984,human
268434223,human
80094297,human
336186680,human
21188490,human
147020852,human
317114365,human
1972216999,human
33625790,human
1027350758,human
48336713,human
180503626,human
81856710,human
819685194,human
253755500,human
1290082680,human
378376122,human
488011724,human
198830228,human
67324742,human
16537989,human
244441120,human
254115362,human
549893437,human
298139450,human
1364383692,human
1577706050,human
1329900518,human
17936793,human
22258315,human
968133364485185536,human
113317910,human
1697531264,human
237882441,human
62352806,human
42102939,human
26759984,human
2541363451,human
304679484,human
1396439852,human
460655540,human
1546270652,human
19077044,human
2309234977,human
113816349,human
1024806054,human
384331504,human
172729719,human
2406546896,human
185344640,human
298048905,human
127977420,human
27368199,human
19708968,human
624995677,human
413841846,human
4902726274,human
74838816,human
230930518,human
509582589,human
21247989,human
16667262,human
23042027,human
82789484,human
7259302,human
24502450,human
14579415,human
41421105,human
2425410558,human
117102398,human
110936556,human
31641658,human
22549812,human
171337448,human
57083275,human
36850898,human
716626267,human
24472704,human
790136510,human
401656531,human
65773523,human
19564719,human
196463183,human
116611790,human
135236273,human
108196938,human
161452925,human
70179948,human
1085149063,human
22885574,human
19272244,human
72047325,human
123580195,human
43298203,human
149448967,human
31404917,human
770774730190098433,human
217749896,human
14502233,human
66643428,human
50687788,human
25382962,human
20641995,human
295594406,human
71783170,human
184004752,human
330432644,human
153810519,human
1924076820,human
58560480,human
46440103,human
97893963,human
59199168,human
128799124,human
58432995,human
63677189,human
224916991,human
192611378,human
1038700573,human
189248614,human
849258957768192004,human
4532891,human
23508439,human
777983107,human
387720865,human
15248067,human
456361810,human
46291977,human
403357870,human
78723428,human
14222518,human
862884598216130560,human
116325068,human
21255978,human
92140604,human
272570677,human
135416747,human
1608220916,human
1293031512,human
538285556,human
476621523,human
397493417,human
94805910,human
33612908,human
298199741,human
55631242,human
54260419,human
18783665,human
463777608,human
111615736,human
164345318,human
127683262,human
239938617,human
18633022,human
132830366,human
22610091,human
101825544,human
488512845,human
131943480,human
38652395,human
14423603,human
107930490,human
146710910,human
23645599,human
76070341,human
1968633367,human
225445834,human
14149932,human
467634392,human
19263978,human
114484253,human
19394186,human
105710210,human
73954053,human
69168087,human
162173169,human
552725164,human
1322467172,human
128154362,human
96322637,human
106397073,human
1209342523,human
130934881,human
76266622,human
50627014,human
219294551,human
184647530,human
16203586,human
100288793,human
150395278,human
94132246,human
2218886514,human
15308443,human
385539815,human
726843661611335680,human
194394147,human
242796587,human
182646320,human
177581534,human
334921284,human
33705457,human
174243123,human
166026159,human
34867057,human
24993400,human
265014120,human
37494271,human
183052795,human
39091293,human
20003448,human
236942183,human
19621110,human
31285982,human
96448406,human
613508372,human
106485105,human
1316055120,human
391432644,human
964633354531373056,human
14166096,human
628267790,human
193896993,human
2197092790,human
20521828,human
904506863596724224,human
373024213,human
84195118,human
221394758,human
225731980,human
263710865,human
62100113,human
262749118,human
234513598,human
628187173,human
141161453,human
19129949,human
23627469,human
14216123,human
39985029,human
128216887,human
212266188,human
115622213,human
5763262,human
101879887,human
18131961,human
16186995,human
61484151,human
74666509,human
2851938001,human
2943284364,human
40583484,human
84219696,human
67134249,human
1079108184,human
59399268,human
456723411,human
16164520,human
759460784,human
192685104,human
17861062,human
221866385,human
73200610,human
15913,human
278516784,human
27801361,human
574168493,human
186598799,human
2835653131,human
15976697,human
192608058,human
172542995,human
92393934,human
282006208,human
73438486,human
2729506932,human
432779663,human
2391232105,human
39927901,human
155769461,human
90921168,human
99566858,human
234521957,human
11178902,human
17076218,human
99561835,human
68765193,human
782496626451546112,human
134164413,human
72378123,human
150711216,human
3098421349,bot
554067867,bot
256597786,bot
103351486,bot
199973582,bot
22942001,bot
338914454,bot
139758430,bot
2174620748,bot
3853333526,bot
3264569385,bot
15109265,bot
724324885,bot
35457209,bot
83683408,bot
575402168,bot
1512772610,bot
2512221956,bot
3018439679,bot
434308370,bot
3295996710,bot
167561205,bot
4422755772,bot
1068221456,bot
3673821932,bot
72126063,bot
3233845421,bot
16313297,bot
628493945,bot
1622413069,bot
523247729,bot
2312109649,bot
1977872942,bot
3294732860,bot
2838900554,bot
403078748,bot
1390556054,bot
21125645,bot
1154538534,bot
35289761,bot
1467026630,bot
2784221536,bot
321519271,bot
2802302704,bot
4376518697,bot
3581994913,bot
312931148,bot
961897154,bot
2687223536,bot
154155992,bot
258478116,bot
2961735746,bot
119064154,bot
611657123,bot
82323247,bot
2244794124,bot
3393094667,bot
35623824,bot
4128024430,bot
857490530,bot
474263130,bot
3231663692,bot
128466477,bot
854201534,bot
1254765698,bot
3186319947,bot
1731481754,bot
476919617,bot
1682313314,bot
2960981093,bot
3287695303,bot
202539396,bot
2900371521,bot
121857594,bot
203939641,bot
124640990,bot
51948170,bot
2953167296,bot
2803341352,bot
166882121,bot
2965914446,bot
2986196889,bot
2245462992,bot
2853501332,bot
2201333669,bot
3979873394,bot
1970328174,bot
12595312,bot
47499461,bot
3398729818,bot
3223536685,bot
889795548,bot
29086373,bot
2231476190,bot
123214345,bot
231718751,bot
17861479,bot
390146736,bot
10086382,bot
3165751084,bot
1630352731,bot
3064076521,bot
193372339,bot
3252761153,bot
116010130,bot
2797875551,bot
569043660,bot
3009372480,bot
3083900914,bot
1972782972,bot
82425278,bot
394843636,bot
2971761881,bot
2903675308,bot
14046314,bot
1864506978,bot
616303909,bot
564538442,bot
449255296,bot
3506030840,bot
2394624993,bot
4302224242,bot
55662988,bot
830163432,bot
35950289,bot
2394940873,bot
349819728,bot
3199919103,bot
264121073,bot
3976414213,bot
3282398730,bot
1413000943,bot
2880393984,bot
455567062,bot
3422980817,bot
3301224100,bot
2363099551,bot
16724972,bot
881182314,bot
82570028,bot
2754082609,bot
3032201618,bot
3244584983,bot
463193055,bot
386582662,bot
3299614305,bot
250231768,bot
422028183,bot
472588972,bot
4601655193,bot
219874207,bot
4383007034,bot
2391701899,bot
348847009,bot
3046319776,bot
1477753758,bot
2559048510,bot
2893011943,bot
527681453,bot
35134309,bot
2877530091,bot
3343397847,bot
505833082,bot
3291174194,bot
3315537879,bot
1908756390,bot
3166053603,bot
351814159,bot
593481765,bot
1383114716,bot
3281254940,bot
969397086,bot
956123437,bot
637056372,bot
788612149,bot
472532911,bot
165448700,bot
171134107,bot
34953652,bot
600396531,bot
3287352410,bot
868796322,bot
580001344,bot
116993598,bot
360596538,bot
1182747510,bot
2957206289,bot
90905432,bot
190754647,bot
2985092002,bot
3313759618,bot
2965318498,bot
1343037642,bot
1131784363,bot
1174900730,bot
104895413,bot
4000918709,bot
955350116,bot
1341355722,bot
460332176,bot
863278244,bot
458167829,bot
2512155349,bot
567588156,bot
3287226222,bot
3242533095,bot
3410625701,bot
23973435,bot
3239963413,bot
349113353,bot
2935260660,bot
3474814156,bot
4314820157,bot
3034488080,bot
3164188794,bot
61766010,bot
1291136252,bot
2874039644,bot
3288831901,bot
173751500,bot
516632569,bot
261084272,bot
3154590891,bot
3471601759,bot
764179099,bot
1976041280,bot
3387153855,bot
4242657261,bot
13630852,bot
2271357264,bot
481673572,bot
1378871144,bot
1016565120,bot
1973515340,bot
2714388032,bot
2293099507,bot
238160951,bot
276591681,bot
2581583929,bot
3962411603,bot
155790304,bot
202974156,bot
3303432793,bot
54263355,bot
3250222040,bot
247324832,bot
16198774,bot
194139854,bot
2884456853,bot
1587081356,bot
1700033959,bot
3891754217,bot
702278455,bot
1605070976,bot
712847001,bot
12052952,bot
1578932334,bot
355962374,bot
163082317,bot
283113965,bot
2817823998,bot
3490657213,bot
2189291576,bot
1919165286,bot
2990025622,bot
67679771,bot
22263651,bot
104899180,bot
1851154382,bot
51474841,bot
848068296,bot
2864106887,bot
3502015274,bot
394693980,bot
304913975,bot
1970703152,bot
3257929151,bot
459721614,bot
1971555709,bot
85164850,bot
3415512285,bot
2436275671,bot
1972878606,bot
1707310794,bot
3967868833,bot
1633515085,bot
3287027977,bot
445736842,bot
4274498962,bot
2173761470,bot
452462357,bot
194185569,bot
824978402,bot
2348612642,bot
3435945359,bot
18588919,bot
1386364014,bot
71560604,bot
838502514,bot
22297031,bot
3251455231,bot
272383381,bot
3382640066,bot
34938685,bot
149765637,bot
2241040843,bot
2749819601,bot
3154726308,bot
2202871868,bot
3354034151,bot
1941596719,bot
3032272031,bot
2362805646,bot
426501554,bot
3003131772,bot
4172221638,bot
3287882455,bot
704523342,bot
1037129802,bot
40882376,bot
4104904392,bot
259398560,bot
543113548,bot
50438882,bot
1050096331,bot
4422953174,bot
3200925057,bot
3257925073,bot
39194666,bot
1357774098,bot
2243111964,bot
253554752,bot
4004311695,bot
4482795202,bot
120344682,bot
4340912892,bot
98725558,bot
2561434105,bot
3708114795,bot
1976408659,bot
3041385205,bot
2953542846,bot
2426865811,bot
3387308074,bot
1978839685,bot
3305295103,bot
322820365,bot
3790542373,bot
162770784,bot
52398403,bot
179968583,bot
4223896820,bot
3177501559,bot
3728280500,bot
46466493,bot
3007712956,bot
3250678471,bot
3339714441,bot
3422125696,bot
347692993,bot
3267489874,bot
2581159473,bot
3033865521,bot
347397831,bot
17831065,bot
2284100936,bot
1054172714,bot
902660155,bot
291807276,bot
3075701916,bot
263590963,bot
3015205673,bot
15301343,bot
2151712344,bot
2618602598,bot
72793593,bot
505000901,bot
1572102462,bot
2891710566,bot
120388905,bot
2442864796,bot
484698262,bot
3240818360,bot
2871008877,bot
2645572765,bot
1106935134,bot
4368286333,bot
104449942,bot
1345970232,bot
238968490,bot
3299544374,bot
1531168874,bot
3287534414,bot
2555897181,bot
2243449855,bot
45805059,bot
3313546470,bot
3944740275,bot
223900261,bot
3130980117,bot
3229067995,bot
377767865,bot
234358206,bot
2916294697,bot
295864227,bot
2286005470,bot
3074248227,bot
290499084,bot
4265240773,bot
3091951399,bot
41161102,bot
485960656,bot
63676663,bot
316109708,bot
3251632475,bot
2966100624,bot
2342739973,bot
3494699914,bot
2986060527,bot
109170521,bot
3703243514,bot
3077047801,bot
147495812,bot
1961028044,bot
2749195232,bot
2188582026,bot
99244635,bot
2397650810,bot
82101274,bot
3237436366,bot
605565315,bot
1684444903,bot
4358872343,bot
41365886,bot
436100252,bot
388274900,bot
135563795,bot
525685170,bot
23041645,bot
3463464796,bot
2295261625,bot
58997732,bot
22333656,bot
3575130372,bot
291615891,bot
106281577,bot
2646473046,bot
3829803932,bot
1318828802,bot
91450870,bot
773679619,bot
344115992,bot
2320579934,bot
44001801,bot
2943250305,bot
15522756,bot
544382991,bot
3252788801,bot
2961731166,bot
2868782895,bot
78465193,bot
1080786510,bot
568579411,bot
1651736654,bot
2903627705,bot
387038254,bot
3032426165,bot
80999737,bot
4080075975,bot
4278258021,bot
3250621111,bot
453943990,bot
2432695399,bot
4038367361,bot
3227372866,bot
198912491,bot
2349287108,bot
2340187291,bot
174667446,bot
2617230595,bot
875124919,bot
1536911095,bot
2619185548,bot
126523026,bot
3289231435,bot
544678058,bot
111972836,bot
295603097,bot
612969870,bot
2971319719,bot
299394251,bot
102377428,bot
1715866932,bot
3566757674,bot
3421470951,bot
2552434680,bot
2905394860,bot
3244706724,bot
980236250,bot
3860569152,bot
326369679,bot
4400541075,bot
589181865,bot
2399877985,bot
3593771535,bot
2289998054,bot
95108455,bot
1101549631,bot
3160976631,bot
78054341,bot
2978099653,bot
40336947,bot
59073984,bot
18847106,bot
3357946692,bot
73141088,bot
191123444,bot
2238437917,bot
2412972607,bot
224039405,bot
3063996721,bot
3734470346,bot
2866224657,bot
348993718,bot
3225052286,bot
3012362696,bot
317049274,bot
3318703632,bot
3247113450,bot
26297156,bot
92840722,bot
1449155815,bot
2361049553,bot
1394548280,bot
3177061729,bot
321436860,bot
4067940749,bot
576499978,bot
461197718,bot
2512664264,bot
291772148,bot
2249090276,bot
3095754327,bot
416366381,bot
3435134091,bot
3258491597,bot
3181441434,bot
24922764,bot
330597583,bot
3131503199,bot
2185310671,bot
2292832332,bot
622414960,bot
39586129,bot
339366591,bot
3250192861,bot
118807279,bot
4585580901,bot
1476991075,bot
706835023,bot
86691503,bot
121422723,bot
1970697834,bot
428161313,bot
252499305,bot
615419877,bot
119422857,bot
25622254,bot
1970260302,bot
3679821383,bot
264491208,bot
1847841714,bot
228838537,bot
3387512331,bot
2381471500,bot
2602204381,bot
398415418,bot
105786020,bot
1916953958,bot
3337612493,bot
2733938400,bot
4188494007,bot
465934469,bot
473556033,bot
242821575,bot
483194292,bot
2833854266,bot
2605569648,bot
614340916,bot
253030995,bot
2901926526,bot
45459291,bot
425501261,bot
3160187534,bot
87480775,bot
3177024890,bot
1284586999,bot
231214259,bot
3178168125,bot
2812540626,bot
2839975385,bot
1324456993,bot
3282462541,bot
563640153,bot
149148123,bot
1970877422,bot
3322210328,bot
709602894,bot
3319632380,bot
1399070276,bot
2994337777,bot
1209812090,bot
1097590657,bot
2293801410,bot
2435346834,bot
256342733,bot
252922634,bot
113200771,bot
236580395,bot
2356692054,bot
108448895,bot
3323313672,bot
2409008486,bot
75074429,bot
452297933,bot
4142993113,bot
2502317748,bot
1143504584,bot
2918873840,bot
1651183375,bot
3303855346,bot
284112256,bot
3201005265,bot
3074829696,bot
3862072934,bot
3398798645,bot
25892900,bot
385904339,bot
4184692330,bot
3101704765,bot
19730650,bot
1974111620,bot
575286156,bot
3388203011,bot
3149682218,bot
2835691706,bot
132962961,bot
24594398,bot
18027311,bot
612521318,bot
40307567,bot
1617397705,bot
4517021320,bot
28137647,bot
3026180435,bot
1639245974,bot
3062922338,bot
288061685,bot
2443966620,bot
3430082386,bot
448994100,bot
3400714546,bot
923339203,bot
1542955794,bot
151717207,bot
3953605933,bot
717985927,bot
2661841220,bot
2539605696,bot
3281628907,bot
115480038,bot
2864723044,bot
94274816,bot
3148448571,bot
343033496,bot
3347226033,bot
1628775798,bot
240399054,bot
1953150691,bot
2241973103,bot
250216906,bot
40122045,bot
1955693167,bot
17611734,bot
901571228,bot
1608166597,bot
2360287380,bot
234643375,bot
3421050154,bot
2401319456,bot
1720506354,bot
84722723,bot
2947602791,bot
2462643037,bot
2310916754,bot
3418647669,bot
1095760777,bot
576341696,bot
17373329,bot
367189092,bot
3269846737,bot
3181377018,bot
3392865693,bot
2244351768,bot
3051226182,bot
339360417,bot
17815585,bot
27187128,bot
2242313196,bot
28845134,bot
3332419978,bot
1316215032,bot
4542042014,bot
4084149018,bot
2853096616,bot
2389459800,bot
2956070925,bot
227697541,bot
144762144,bot
3313193810,bot
3454511422,bot
363068363,bot
2750217476,bot
24183367,bot
122077176,bot
3244714110,bot
2464953955,bot
3233325308,bot
2895032444,bot
3292941550,bot
33211168,bot
187028500,bot
3383239815,bot
3385967848,bot
41401673,bot
3189717513,bot
3152501892,bot
1569475945,bot
505110999,bot
799529424,bot
3312653851,bot
3688450693,bot
3014398348,bot
282966767,bot
587035713,bot
3219687284,bot
3438185938,bot
14626205,bot
4157896858,bot
3320971104,bot
471071695,bot
168437973,bot
112802789,bot
3249478862,bot
909537120,bot
2751596682,bot
1515532488,bot
56843122,bot
3387713409,bot
3625395143,bot
1694387767,bot
892569745,bot
2175697710,bot
3432336101,bot
2952698183,bot
533388903,bot
260866109,bot
2331663196,bot
3167484837,bot
27051027,bot
758034006,bot
32737005,bot
3378614589,bot
2865679427,bot
63524061,bot
2874783978,bot
2574267014,bot
224252173,bot
3692158217,bot
1651770265,bot
2309509747,bot
2951281068,bot
3244949806,bot
512276319,bot
3199654396,bot
292005138,bot
2995344139,bot
1797824780,bot
3145976002,bot
2750110050,bot
3184592250,bot
3396939995,bot
3160025664,bot
2482090896,bot
1035280226,bot
3889616472,bot
17621767,bot
3483877814,bot
3309257997,bot
3241481532,bot
250972909,bot
3243073841,bot
1661470322,bot
2741930067,bot
2795282804,bot
463256144,bot
3228822575,bot
3709252467,bot
260800657,bot
2157063013,bot
703335756,bot
29488860,bot
1908706016,bot
1975395252,bot
1927273747,bot
392501209,bot
21336054,bot
90880405,bot
181572101,bot
2758991280,bot
935717924,bot
1834095612,bot
3013038044,bot
375437372,bot
843730418,bot
2285335026,bot
469306120,human
122646992,human
1031655967,human
333143589,human
393578483,human
2366156712,human
727448640,human
209262106,human
477989973,human
3268602666,human
47241295,human
15976691,human
30451290,human
28747261,human
108425531,human
2998417670,human
2422320374,human
217074626,human
619248033,human
1124003922,human
791780606,human
323288281,human
2856107910,human
612999090,human
2836050248,human
2372338144,human
3420905129,human
1233652698,human
858038708,human
433617525,human
57197093,human
315476130,human
3324904868,human
35528306,human
31457139,human
1252151778,human
574270581,human
460143667,human
3188365045,human
570456177,human
56207114,human
445142568,human
4480715653,human
484731323,human
2855378633,human
2582740788,human
1058270342,human
3384265881,human
121230858,human
3060478163,human
406409513,human
3949010962,human
3236736642,human
346866777,human
1111607167,human
334653607,human
4560326352,human
3288842234,human
1334629177,human
2824442557,human
1239749712,human
81775109,human
21665671,human
2557828094,human
2809209216,human
178723576,human
2484523928,human
1146556242,human
988412814,human
479258753,human
1287101636,human
490596975,human
112165657,human
1688566994,human
2225455784,human
2805340929,human
628662374,human
379521795,human
904594663,human
16478990,human
188084143,human
122028183,human
759301404,human
3116720165,human
2471384604,human
2614587271,human
3754391533,human
1626740209,human
29262091,human
4138138633,human
38514217,human
2386674962,human
221689793,human
4627816519,human
352200933,human
280160615,human
612008802,human
971005488,human
2448430657,human
3251670366,human
2286015528,human
2898613700,human
276837866,human
485875150,human
20100340,human
1511686806,human
2604430016,human
246377868,human
90638768,human
903073842,human
4415645845,human
95760717,human
1661700032,human
2392933548,human
153468579,human
1896488527,human
4001719398,human
260848068,human
1703381502,human
1105326235,human
3713829252,human
3867326773,human
551275129,human
613744186,human
4203264747,human
4097930772,human
1308605071,human
264288300,human
329191487,human
2522367901,human
701628758,human
278664837,human
211709952,human
3401279579,human
87592296,human
3312287280,human
2762040830,human
97026960,human
2689416583,human
609101738,human
391778402,human
55776825,human
603333105,human
35798732,human
1240102604,human
468051558,human
81266106,human
2391773533,human
2541380852,human
268751128,human
1709484829,human
629870510,human
2277481329,human
3317190734,human
703165878,human
135563416,human
2361870980,human
595155450,human
324597468,human
101543796,human
3242777222,human
49775161,human
353787346,human
307518247,human
857313176,human
72191001,human
563940506,human
1977988802,human
1473009950,human
31539524,human
2819670100,human
2195466974,human
610388964,human
1913843024,human
2615353014,human
19079207,human
398069665,human
220494041,human
350114766,human
2329415154,human
104451533,human
38518613,human
297149422,human
1077652021,human
213335073,human
127110363,human
561631178,human
271458239,human
2361250165,human
2409498510,human
1656202724,human
1690030483,human
561612823,human
4552933181,human
3272844512,human
736016430,human
2858202754,human
3005999630,human
479044373,human
894654170,human
546624895,human
2275266018,human
738612918,human
236486106,human
313028442,human
2941331162,human
124327640,human
133977689,human
17845482,human
27725752,human
1948867633,human
493497789,human
2836678623,human
283622695,human
1241880661,human
610485717,human
312384683,human
842829588,human
1436693034,human
3262737960,human
1056650594,human
1399878871,human
2577843735,human
2502597096,human
400557314,human
1742822604,human
163024833,human
1466703355,human
494395788,human
332579042,human
2746337628,human
3986746283,human
2965142314,human
75852983,human
39001193,human
80544850,human
135693647,human
14244447,human
840642788,human
2965536592,human
2606949881,human
706305578,human
2165899508,human
846476335,human
1112944590,human
301071486,human
512669661,human
2406376122,human
1415981090,human
376012638,human
276885764,human
1037011,human
2290331999,human
365297032,human
1534906297,human
1700556109,human
972830029,human
427061639,human
2310280190,human
291962808,human
135385302,human
2167561110,human
3258324619,human
1914668192,human
2586402938,human
3461663056,human
359617996,human
1167422912,human
63372653,human
2223496619,human
78085591,human
405163077,human
2470014818,human
1971204457,human
3022830775,human
19307503,human
16375609,human
83291728,human
1105558410,human
942445988,human
2463415592,human
59279806,human
400088165,human
37530732,human
233688382,human
138368829,human
154573594,human
285375765,human
1267891381,human
2311146085,human
2817888651,human
554958519,human
1352111719,human
602741040,human
794155152,human
29909108,human
230198638,human
264700057,human
240576397,human
2990291701,human
352825934,human
613080314,human
537823836,human
271242521,human
348080318,human
3189277430,human
3286661012,human
35413411,human
1287087210,human
93576951,human
3219453493,human
36836217,human
313357514,human
371557860,human
15296102,human
2352569820,human
3987939853,human
81305759,human
96139671,human
403173316,human
770676152,human
1717666435,human
906758731,human
3101509017,human
1890821762,human
1409004344,human
353556149,human
324379088,human
1941877892,human
467107245,human
41135292,human
323283645,human
3364790955,human
481016648,human
2578810325,human
931226863,human
2261482576,human
4067937256,human
986498262,human
118504705,human
161691482,human
621590291,human
30485864,human
253466136,human
983286577,human
3025047946,human
1077249764,human
11117662,human
476691783,human
1976043619,human
146428363,human
496651835,human
284044309,human
915608522,human
3101474948,human
950385596,human
166654232,human
351222498,human
700015848,human
408737153,human
2246856132,human
473851419,human
3119665997,human
2173167453,human
53876295,human
436978148,human
1624050403,human
2535527754,human
1477585832,human
1362860816,human
626145415,human
171972995,human
374888271,human
2654044400,human
830276562,human
300996358,human
630232341,human
458464658,human
335395813,human
836479597,human
1684391718,human
294715157,human
420766819,human
368610769,human
71318808,human
2480413705,human
902771185,human
24847353,human
18383161,human
38208868,human
219910707,human
469760228,human
1977751153,human
2753003409,human
1970574715,human
331182518,human
44857059,human
29882594,human
2907579835,human
223017732,human
259067734,human
1083552643,human
907187028,human
21372748,human
927653365,human
2223355820,human
3316985513,human
212261532,human
53188032,human
16570956,human
1326876974,human
2554790467,human
3312192048,human
2292143083,human
460688792,human
552556484,human
15092225,human
4267802232,human
717319255,human
977161033,human
1071604010,human
378230015,human
2325291331,human
364545427,human
264296460,human
2826791273,human
572838091,human
65401664,human
372612403,human
3297219175,human
2429671352,human
759916501,human
783908516,human
805436466,human
2914307568,human
807862398,human
3365209246,human
4238472515,human
910031928,human
3260228294,human
147458525,human
1010928002,human
1621413638,human
1583016193,human
805531376,human
117928569,human
2965844794,human
3637105998,human
463297213,human
2767502085,human
286126462,human
1624682809,human
338254192,human
112619155,human
2223199237,human
258228815,human
102349665,human
898732788,human
32364630,human
3023077420,human
737734728,human
3943702392,human
2297015419,human
1966159524,human
2334993099,human
85053370,human
29434783,human
1377305161,human
807860436,human
111354647,human
494294647,human
2419662654,human
17304859,human
86125841,human
2532804864,human
2185043622,human
366147882,human
2580511047,human
2889365683,human
24152503,human
241278533,human
222780160,human
343951197,human
157436186,human
262146488,human
2393726047,human
572204901,human
154773766,human
21637115,human
71450143,human
4179350774,human
42893178,human
13089332,human
2997568550,human
3246120194,human
491569908,human
562357919,human
948150980,human
369911039,human
436437627,human
1495947138,human
1920007904,human
1431480199,human
55963258,human
291492315,human
404612694,human
2164957630,human
366806549,human
513406783,human
39661642,human
3028997653,human
16484978,human
3287818560,human
362710054,human
2661524223,human
883813284,human
3318409255,human
26133560,human
3378912742,human
2485859611,human
1387135098,human
56109876,human
774828691,human
356580095,human
1668149720,human
601709086,human
486123433,human
3076295722,human
182592178,human
1838636550,human
2978583408,human
143476840,human
3534004638,human
332959611,human
445913056,human
393190638,human
3143061484,human
31648644,human
3286321634,human
1629520862,human
1478061896,human
566513150,human
2771923762,human
46928242,human
286812376,human
37885587,human
2984951330,human
2307249169,human
246456146,human
806307024,human
614467617,human
2562353909,human
42329747,human
415848343,human
1088029112,human
13253,human
2358245474,human
1607282875,human
428238559,human
2332555379,human
1320158370,human
72648886,human
2641735739,human
116663132,human
125218383,human
2707450740,human
233753182,human
3329528505,human
325993661,human
998131124,human
116262962,human
2825004866,human
2190346595,human
414640283,human
470005979,human
301747825,human
2615535057,human
381768688,human
4451757672,human
478622315,human
45161016,human
393490561,human
211646733,human
526581925,human
2200132293,human
2370248120,human
2943664510,human
58614620,human
269102797,human
32348838,human
35720864,human
184022143,human
307219650,human
302087933,human
30802368,human
1536327066,human
2681340654,human
388589094,human
1691697900,human
319000359,human
1372316628,human
3265353439,human
2532135561,human
3237515738,human
73506786,human
21605503,human
2756242935,human
265196636,human
3887070673,human
537841059,human
21539881,human
2635905766,human
61694837,human
724907522,human
495283255,human
378570257,human
383312226,human
2276818190,human
633817553,human
459781352,human
629919354,human
40776090,human
853990454,human
137846738,human
2304042805,human
296057470,human
41458916,human
88930901,human
3246372020,human
3399388330,human
143153117,human
521732479,human
570601271,human
1226091284,human
1045929434,human
250951747,human
3280135166,human
312556634,human
235417676,human
28366268,human
3341702352,human
103863704,human
4116007695,human
164438347,human
3382678798,human
2714432840,human
99127860,human
458632493,human
31523146,human
2942417632,human
476496615,human
492516531,human
381523148,human
312366071,human
2381148548,human
2495553179,human
993056972,human
258902704,human
2300173172,human
3319331846,human
71379711,human
244733954,human
3256443385,human
981192584,human
152661729,human
2799034437,human
555619075,human
4266998195,human
16605976,human
55592032,human
374592230,human
2960017537,human
541144807,human
29021288,human
3652521695,human
4203016035,human
329361249,human
117030671,human
2595483597,human
230680562,human
3134399143,human
2926289298,human
490535839,human
349342823,human
290152391,human
3061671511,human
428140124,human
1119146862,human
237345391,human
416802154,human
1901195994,human
264184449,human
18098356,human
383628985,human
293946831,human
289704689,human
4002263595,human
1658632219,human
22293055,human
91665181,human
1276337329,human
213983750,human
19646481,human
211044804,human
2602920025,human
447918615,human
349991500,human
1964221856,human
30731587,human
2391776040,human
122203009,human
283010533,human
175473603,human
605671261,human
3317839639,human
2969049684,human
2893783443,human
90756949,human
598652078,human
297526355,human
170054766,human
24095027,human
343743987,human
2980536597,human
82223420,human
305680208,human
525801620,human
304393027,human
1970343116,human
628155846,human
2467783618,human
405931942,human
19191388,human
1623670482,human
965192557,human
1703075480,human
3342780699,human
2903963259,human
138449260,human
3745132934,human
221404952,human
3288028291,human
496599427,human
54149147,human
274553355,human
35616416,human
320984413,human
254738601,human
1635760326,human
15830412,human
2377559323,human
895349876,human
277538177,human
3737879358,human
409568090,human
87912354,human
52166325,human
2484866839,human
53863574,human
50957441,human
474316605,human
102659558,human
3197629148,human
227491246,human
18764906,human
213490843,human
975179996,human
183638275,human
3017822828,human
59858324,human
165577958,human
322487658,human
824292696,human
4038879863,human
528899905,human
2646299108,human
1902145598,human
24162790,human
3234273907,human
163237819,human
1434623629,human
331257657,human
295722548,human
369679642,human
4068221660,human
326193805,human
4494944719,human
83991923,human
1177471489,human
96413639,human
2188155468,human
1669188732,human
3300872434,human
3439123665,human
122428644,human
40719925,human
230488919,human
10145612,human
2792443824,human
389890902,human
2281281613,human
601942084,human
1399838978,human
1400849420,human
3100554872,human
77393163,human
1558984046,human
3238059823,human
393686282,human
343938801,human
244808030,human
2377771243,human
448997280,human
2285982638,human
130409668,human
65112161,human
1420124136,human
2938689871,human
3071904865,human
2998946906,human
29341989,human
2415811314,human
335376027,human
1907276666,human
4190306474,human
76660066,human
813844694,human
970585998,human
257640074,human
279369388,human
62688517,human
82741018,human
2168808080,human
32965485,human
39288051,human
1395091087,human
1036593168,human
452711545,human
3163002619,human
722942581,human
403194297,human
463503341,human
1097557525,human
1949052924,human
2904616336,human
17113309,human
1326731076,human
346695129,human
2923333680,human
362075658,human
2149472353,human
2853126860,human
4264220174,human
1723166832,human
371672020,human
340313456,human
56815813,human
1894216909,human
459585992,human
78350498,human
400008688,human
464399942,human
20044700,human
295260968,human
3020613483,human
4141747640,human
473417503,human
2906620768,human
377461086,human
1972745426,human
403644670,human
65125734,human
350858952,human
103370493,human
386642514,human
901166336,human
186325236,human
2707267460,human
1523630317,human
284704195,human
833985422,human
24883323,human
706926695,human
450228840,human
205939454,human
22563955,human
1925362728,human
3017295547,human
354409100,human
413651314,human
2176218074,human
2877305570,human
132457819,human
283247473,human
3100871091,human
2957034817,human
285982633,human
826987922,human
20518539,human
58480088,human
1656623762,human
130663000,human
24215001,human
2282003642,human
2531396480,human
2844553761,human
1973528965,human
2302078086,human
131340008,human
956717191,human
940468154,human
776337842,human
2226246259,human
1152573698,human
2624196785,human
23084541,human
25507308,human
757937941,human
505049911,human
3184878138,human
610710862,human
296868795,human
1136015551,human
574607606,human
3017831314,human
103011461,human
59176333,human
4087003520,human
2265049248,human
1644332948,human
136083047,human
263017192,human
3304675964,human
816471732,human
242201256,human
1972792171,human
78542892,human
1973072802,human
21840345,human
495273264,human
327164781,human
28345809,human
3302563069,human
191361825,human
29054783,human
3087722102,human
2521483693,human
122721332,human
1912854409,human
2761775632,human
56138069,human
2328200156,human
286059321,human
1148460439,human
1349424516,human
4166710393,human
17294882,human
352909198,human
3031785331,human
143599785,human
16398533,human
3257655180,human
16551714,human
44321730,human
2248842775,human
377034315,human
4419831,human
2569473063,human
585093752,human
484523311,human
751144658,human
26604578,human
500934727,human
342475904,human
2335765524,human
432190936,human
2771573990,human
2406102160,human
36765234,human
23827203,human
437685097,human
424683689,human
3319872952,human
246128588,human
2979585982,human
316834494,human
238762609,human
1386010838,human
3148380487,human
2444856434,human
248825016,human
2356733935,human
2393217979,human
208315979,human
3280081015,human
2314994292,human
1664948012,human
4203913918,human
18625001,human
1566151250,human
2203788632,human
1268044255,human
755523750,human
443030647,human
266798261,human
2161551948,human
122034494,human
242684340,human
385216443,human
301233131,human
2972708023,human
29910264,human
1105238581,human
1601475798,human
293270608,human
3221859330,human
171958370,human
2561662830,human
624254213,human
3169593132,human
228918333,human
143448270,human
532157179,human
2538555508,human
2257653253,human
267031038,human
2376273800,human
122484275,human
52474890,human
2948062269,human
2878751931,human
384494633,human
1468771094,human
254607817,human
602315322,human
50523916,human
2411403787,human
2642657543,human
2916420536,human
210688242,human
2451451182,human
28706697,human
18353044,human
342682560,human
2489810894,human
3308496744,human
727767163,human
494002234,human
879591146,human
2966578566,human
3418250561,human
319512145,human
11142362,human
1438143824,human
64037571,human
354993844,human
3298120789,human
3292981394,human
1544469848,human
2763354004,human
2894251059,human
359667189,human
360783926,human
3170243955,human
3253056651,human
51153998,human
1220305290,human
122483591,human
3373740826,human
46467001,human
2156588279,human
21965624,human
1143470466,human
275198963,human
353261938,human
569309724,human
3291410337,human
2434929810,human
1264637672,human
107069240,human
168111378,human
188336574,human
332810948,human
222967641,human
1134125707,human
3073445159,human
147369259,human
25865004,human
4466334914,human
474730375,human
3019055223,human
887282149,human
452533162,human
102982202,human
2846410981,human
549875410,human
34053569,human
544799064,human
216913695,human
184899969,human
493596397,human
2905283992,human
414145712,human
77756581,human
160352926,human
260544490,human
1920847813,human
239124943,human
14366543,human
3386628340,human
264046995,human
2370725665,human
268366600,human
52053744,human
139794816,human
2339717389,human
43126168,human
95491862,human
2985852925,human
258574901,human
3604991185,human
426913964,human
4046753309,human
221602981,human
180980169,human
22633646,human
3051942950,human
50785046,human
811709832,human
3591041893,human
61860520,human
110308877,human
2894295673,human
439251931,human
376482052,human
255797289,human
3111912033,human
87302683,human
224375688,human
2718570906,human
2597987064,human
4499219135,human
3124058645,human
181069272,human
1254516558,human
384162824,human
1566342852,human
1479981978,human
259168509,human
14318328,human
2177256041,human
1258335870,human
913305372,human
541959150,human
391844038,human
318924291,human
410403665,human
345813518,human
77896411,human
20707070,human
1427698556,human
297360587,human
548480809,human
19169423,human
359980404,human
128650635,human
599728356,human
90136578,human
513880677,human
2468059238,human
547336911,human
16931320,human
2281493780,human
2363458729,human
2816242513,human
3304276168,human
2458401698,human
3321861183,human
30543716,human
3758458213,human
3800533754,human
806424366,human
3284518242,human
76654598,human
2162839953,human
1470186901,human
2669223349,human
409438453,human
3385862362,human
475175670,human
16475990,human
1304624581,human
178794231,human
439163758,human
1669422294,human
890059946,human
3324245616,human
274002752,human
192180117,human
2476208768,human
1031489539,human
2532837963,human
298542616,human
2309170459,human
605377564,human
2218376174,human
1099945530,human
1449847652,human
2874620795,human
299441986,human
3312511473,human
2962665951,human
256106476,human
294879678,human
211099583,human
2451649658,human
1599782558,human
116227860,human
3901036876,human
412798449,human
232164623,human
2736673189,human
3200944072,human
906425923,human
55864197,human
1467803281,human
951259362,human
491830506,human
86026453,human
960320034,human
72334487,human
456717176,human
3180501039,human
378278231,human
135554110,human
523521363,human
2855099577,human
1475262986,human
3158914118,human
2334424716,human
3038365989,human
229851130,human
2655080004,human
2545978907,human
3322067841,human
494395147,human
3006064373,human
3082923365,human
57269454,human
2332729243,human
956829350,human
3297753431,human
27165736,human
253191835,human
217615594,human
1832476196,human
3179001127,human
22766061,human
3158451774,human
944670684,human
4161025282,human
283021457,human
1411627010,human
182606756,human
70027713,human
842196122,human
3823984878,human
2584074131,human
342299536,human
3289576129,human
775081178,human
2904027546,human
131788043,human
4362810312,human
345120656,human
501439563,human
276600808,human
275519511,human
3409237067,human
96594090,human
1132776360,human
502884785,human
2778671666,human
463045937,human
2310333698,human
3307702109,human
265536304,human
24339875,human
595089709,human
2861200834,human
42267914,human
2273637470,human
587037875,human
31338179,human
3726614179,human
300196108,human
134352450,human
284885130,human
16378198,human
2381167620,human
2898091814,human
3225752929,human
2451028326,human
83314414,human
355033937,human
2687837135,human
1571050015,human
3122666452,human
2818051585,human
618691716,human
15298125,human
2193190099,human
2935539711,human
195343948,human
333168046,human
1662847039,human
3262844611,human
2769935615,human
42185151,human
108113443,human
3225319816,human
1455735410,human
2881514381,human
2874240426,human
110482331,human
561845963,human
1622929628,human
55291753,human
1035036276,human
29799235,human
219487526,human
2706507917,human
2675222804,human
1117291927,human
585837116,human
33615308,human
107295690,human
3062470474,human
587931107,human
314278850,human
567106691,human
476552395,human
429540304,human
365765069,human
2302133180,human
3283400828,human
1053216716,human
1556652942,human
1458360991,human
2890723418,human
43408062,human
14516139,human
3192686232,human
30120790,human
2462567720,human
710259321,human
521967652,human
1013680844,human
2558700766,human
69729809,human
3438727318,human
2679929112,human
572143356,human
80459395,human
514391206,human
2766841169,human
3870970312,human
301574190,human
1411838132,human
1682374855,human
1091396210,human
632630533,human
3322367038,human
357961117,human
245287897,human
589022162,human
341169083,human
2795151108,human
280306114,human
3290371982,human
632075001,human
35333038,human
1299060607,human
39566167,human
338031335,human
1965375458,human
2827142990,human
3016601638,human
1532869387,human
967983056,human
2283543823,human
2428098101,human
1036162327,human
625824646,human
455333464,human
596944781,human
266866249,human
1526209446,human
1482339860,human
84685887,human
421503762,human
1915824116,human
721329892,human
164928789,human
35850114,human
52792194,human
394135675,human
1663901928,human
263395921,human
1975974486,human
2757583450,human
230686637,human
201390529,human
201495674,human
618198301,human
64596170,human
1292623788,human
41223975,human
2290731793,human
2930952618,human
40291871,human
1623843493,human
155045032,human
834360697,human
3108634166,human
4011161172,human
476264444,human
17588849,human
354772361,human
1027167481,human
28408224,human
2737327082,human
3306537875,human
284409693,human
1495120194,human
29041319,human
1057573068,human
341689331,human
44324787,human
2844231958,human
1301640848,human
2159938476,human
283914149,human
317005888,human
557842655,human
271004201,human
2977717281,human
24672033,human
3082505088,human
3242431857,human
64652128,human
884743057,human
1733822028,human
360818412,human
196434444,human
3068425183,human
3944737160,human
869559654,human
609363218,human
1624821542,human
14653089,human
3163287565,human
64585874,human
380662905,human
402976909,human
3653537653,human
127251210,human
3325432584,human
573956150,human
108726852,human
199911832,human
28367714,human
3341339795,human
114377056,human
383785250,human
2840542213,human
2307431036,human
2375973638,human
1723891957,human
61615934,human
2922268353,human
620191805,human
3997778774,human
2788405899,human
3185065083,human
353331312,human
3141216486,human
1105801358,human
318768709,human
597507225,human
4066646536,human
2277340458,human
2243245631,human
3676578139,human
3180093456,human
181152803,human
3065286044,human
29330112,human
2441178896,human
152199140,human
968059567,human
533713069,human
67365983,human
1062421026,human
202425971,human
84936856,human
136633988,human
889730977,human
560866128,human
756782954,human
1317009564,human
17522173,human
2514678910,human
2777859517,human
2757890638,human
3726874400,human
2261845596,human
1054224655,human
2857420840,human
2391966654,human
630922308,human
938106985,human
4111057934,human
274556648,human
635901939,human
382525185,human
84089194,human
48566699,human
996130794,human
255310143,human
2470783608,human
15180432,human
838091869,human
1433998988,human
279374398,human
325993830,human
3434243500,human
79928314,human
332738908,human
3318512601,human
1977330973,human
2254221422,human
2972584505,human
875001590,human
42752719,human
1442867772,human
619744784,human
3953332753,human
26238414,human
37307990,human
255373617,human
249873915,human
1226470194,human
465153276,human
137141362,human
962688391,human
458257566,human
172393943,human
301465096,human
397494847,human
3122575075,human
4027111173,human
16031124,human
20774528,human
18231565,human
743515418,human
3528641237,human
18433843,human
184273398,human
486893755,human
1917806245,human
158043419,human
498477816,human
55772674,human
176048108,human
3293798669,human
48964118,human
21527205,human
882959227,human
167784791,human
400571750,human
112090178,human
603691239,human
23295435,human
23622114,human
1669774705,human
4194644729,human
1609578770,human
3019448191,human
309324061,human
2218930639,human
471179765,human
2518795230,human
2891994706,human
604710704,human
2178486371,human
2462856456,human
265738935,human
3164310097,human
2362930014,human
1590506935,human
400802777,human
3386567578,human
30425284,human
3496233921,human
368675577,human
2904622445,human
357916018,human
227400559,human
360991366,human
3875295622,human
372274501,human
770831810,human
44973440,human
222925976,human
1617259352,human
878449580,human
50797260,human
3348306022,human
543401851,human
341691332,human
138161380,human
603243453,human
1191284419,human
716391404,human
42320058,human
501764279,human
3378450059,human
350425032,human
2398376146,human
218432384,human
83994707,human
562984758,human
3023896770,human
2819015299,human
570479207,human
880761,human
406727193,human
123228144,human
326078925,human
941822652,human
475316805,human
369223407,human
94896901,human
4516415180,human
2482538558,human
165624209,human
279285305,human
3154437062,human
3290944969,human
426628579,human
312871730,human
2281787582,human
165062420,human
183917094,human
523653988,human
3847320734,human
2607724170,human
184241768,human
24910515,human
1372574677,human
220851636,human
383772562,human
1373336288,human
2493733838,human
3669091452,human
3599869394,human
5743432,human
3171154469,human
94802265,human
139382900,human
2364414488,human
194981182,human
232259317,human
1514599567,human
623407119,human
306408194,human
2257630110,human
338286563,human
244530155,human
3930997512,human
957246810,human
533885079,human
2202170310,human
2982601051,human
424757197,human
2320645218,human
202602943,human
553842839,human
3020165893,human
57616787,human
1518993158,human
1574855022,human
1446851233,human
3271063357,human
299817723,human
341146276,human
1866103464,human
493038766,human
2641211740,human
230348092,human
3035713849,human
739043384,human
53524603,human
4041856334,human
594729748,human
2833676562,human
1296960961,human
1514310278,human
16192823,human
1425134526,human
331930998,human
512665991,human
4012166847,human
2227215693,human
20464522,human
2284523251,human
2204845260,human
183945419,human
2166281273,human
2693708832,human
633428724,human
2211596977,human
237058205,human
2369454025,human
4212000013,human
1523642533,human
2198357449,human
2431387897,human
587696384,human
387963785,human
3180271130,human
37066636,human
3496371972,human
2984238372,human
545881939,human
2459806663,human
895454826,human
108808263,human
218474212,human
2734133342,human
36624481,human
160302029,human
382361714,human
3528645202,human
3394060059,human
1686033637,human
